account/test_account.jl	78.085
aqua/test_aqua.jl	9.612
atomicio/test_atomicio.jl	0.869
campaign/test_campaign.jl	57.612
checkpoint/test_checkpoint.jl	48.968
control/test_control.jl	426.047
cost/test_cost.jl	15.008
docs/test_docs.jl	4.033
eventlog/test_eventlog.jl	1.79
eventlog/test_eventlog_shared_path.jl	4.093
init_workers/test_init_workers.jl	1.606
init_workers/test_verify_workers_adversarial.jl	20.89
jobs/test_jobs.jl	68.574
locks/test_locks.jl	37.602
manifest/test_manifest.jl	1.172
manifest/test_manifest_const.jl	0.553
pool/test_pool.jl	609.232
preflight/test_preflight.jl	0.806
run/test_affinity.jl	172.692
run/test_artifacts.jl	3.405
run/test_double_run_safety.jl	2.105
run/test_event_log_level.jl	1.487
run/test_liveness.jl	4.24
run/test_prerequisite.jl	17.52
run/test_run_adversarial.jl	4.985
run/test_run_busy_holder.jl	76.042
run/test_run_deadline.jl	18.666
run/test_run_dispatch.jl	61.371
run/test_run_failures.jl	5.636
run/test_run_keylock.jl	6.735
run/test_run_kill_recovery.jl	4.095
run/test_run_loop.jl	3.828
run/test_run_loop_busy.jl	9.91
run/test_run_manifest.jl	5.199
run/test_run_minimal.jl	3.448
run/test_run_observe.jl	19.356
run/test_run_result_digest.jl	0.806
run/test_run_startup.jl	60.931
run/test_run_stop_flag.jl	2.0
run/test_run_tasktable.jl	48.144
run/test_run_worker_load.jl	17.922
status/test_status.jl	93.024
tasktable/test_tasktable.jl	0.607
